Spend_ID,Spend_Date,Channel,Spend
1,02/01/2025,Facebook,4497
2,03/01/2025,LinkedIn,4497
3,04/01/2025,Google,3006
4,05/01/2025,YouTube,3542
5,06/01/2025,Facebook,626
6,07/01/2025,Google,5282
7,08/01/2025,LinkedIn,2504
8,09/01/2025,LinkedIn,3878
9,10/01/2025,LinkedIn,3347
10,11/01/2025,Facebook,980
11,12/01/2025,LinkedIn,1003
12,13/01/2025,Facebook,1598
13,14/01/2025,LinkedIn,2991
14,15/01/2025,LinkedIn,4893
15,16/01/2025,LinkedIn,4679
16,17/01/2025,YouTube,1665
17,18/01/2025,LinkedIn,4395
18,19/01/2025,Google,2221
19,20/01/2025,Google,4067
20,21/01/2025,Google,4806
21,22/01/2025,LinkedIn,4074
22,23/01/2025,YouTube,2866
23,24/01/2025,YouTube,4055
24,25/01/2025,Facebook,4133
25,26/01/2025,LinkedIn,4753
26,27/01/2025,Google,915
27,28/01/2025,YouTube,1941
28,29/01/2025,LinkedIn,842
29,30/01/2025,LinkedIn,2564
30,31/01/2025,YouTube,4362
31,01/02/2025,LinkedIn,5043
32,02/02/2025,LinkedIn,5035
33,03/02/2025,Google,4966
34,04/02/2025,LinkedIn,3504
35,05/02/2025,LinkedIn,2366
36,06/02/2025,LinkedIn,4042
37,07/02/2025,Facebook,2086
38,08/02/2025,YouTube,778
39,09/02/2025,YouTube,4295
40,10/02/2025,YouTube,5196
41,11/02/2025,LinkedIn,3106
42,12/02/2025,Google,1379
43,13/02/2025,LinkedIn,1569
44,14/02/2025,LinkedIn,948
45,15/02/2025,LinkedIn,4502
46,16/02/2025,LinkedIn,5115
47,17/02/2025,LinkedIn,2198
48,18/02/2025,Google,4119
49,19/02/2025,Google,3269
50,20/02/2025,LinkedIn,4383
51,21/02/2025,Google,4975
52,22/02/2025,YouTube,1635
53,23/02/2025,LinkedIn,4430
54,24/02/2025,Google,865
55,25/02/2025,Facebook,5266
56,26/02/2025,Google,922
57,27/02/2025,LinkedIn,4987
58,28/02/2025,LinkedIn,3553
59,01/03/2025,LinkedIn,2123
60,02/03/2025,LinkedIn,3508
61,03/03/2025,LinkedIn,2723
62,04/03/2025,Facebook,2992
63,05/03/2025,Google,1633
64,06/03/2025,LinkedIn,5467
65,07/03/2025,LinkedIn,2863
66,08/03/2025,LinkedIn,847
67,09/03/2025,Facebook,1012
68,10/03/2025,LinkedIn,4567
69,11/03/2025,LinkedIn,1118
70,12/03/2025,LinkedIn,2606
71,13/03/2025,LinkedIn,4167
72,14/03/2025,Google,3505
73,15/03/2025,LinkedIn,4155
74,16/03/2025,LinkedIn,3602
75,17/03/2025,YouTube,5482
76,18/03/2025,LinkedIn,3658
77,19/03/2025,LinkedIn,2743
78,20/03/2025,LinkedIn,5024
79,21/03/2025,Facebook,2186
80,22/03/2025,LinkedIn,4287
81,23/03/2025,YouTube,4971
82,24/03/2025,Google,679
83,25/03/2025,Google,3882
84,26/03/2025,LinkedIn,1354
85,27/03/2025,LinkedIn,2431
86,28/03/2025,LinkedIn,2620
87,29/03/2025,LinkedIn,1884
88,30/03/2025,LinkedIn,4904
89,31/03/2025,Google,2378
90,01/04/2025,LinkedIn,1398
91,02/04/2025,LinkedIn,4696
92,03/04/2025,LinkedIn,1725
93,04/04/2025,LinkedIn,5180
94,05/04/2025,Facebook,3583
95,06/04/2025,Facebook,745
96,07/04/2025,LinkedIn,1785
97,08/04/2025,Google,2271
98,09/04/2025,YouTube,4449
99,10/04/2025,Google,2885
100,11/04/2025,Google,2036
101,12/04/2025,Google,4598
102,13/04/2025,YouTube,916
103,14/04/2025,Google,537
104,15/04/2025,YouTube,1348
105,16/04/2025,LinkedIn,1408
106,17/04/2025,Facebook,907
107,18/04/2025,Facebook,3875
108,19/04/2025,LinkedIn,2368
109,20/04/2025,Google,2539
110,21/04/2025,YouTube,564
111,22/04/2025,LinkedIn,1409
112,23/04/2025,LinkedIn,729
113,24/04/2025,Facebook,2913
114,25/04/2025,LinkedIn,1464
115,26/04/2025,YouTube,1410
116,27/04/2025,Google,4864
117,28/04/2025,YouTube,3978
118,29/04/2025,Facebook,2471
119,30/04/2025,LinkedIn,2595
120,01/05/2025,LinkedIn,4742
121,02/05/2025,Facebook,2035
122,03/05/2025,Google,1601
123,02/01/2025,YouTube,1221
124,03/01/2025,Google,4871
125,04/01/2025,LinkedIn,553
126,05/01/2025,Facebook,5249
127,06/01/2025,LinkedIn,2302
128,07/01/2025,YouTube,4277
129,08/01/2025,LinkedIn,5144
130,09/01/2025,LinkedIn,2804
131,10/01/2025,Facebook,2174
132,11/01/2025,Google,2227
133,12/01/2025,LinkedIn,1375
134,13/01/2025,LinkedIn,4024
135,14/01/2025,LinkedIn,1037
136,15/01/2025,Google,3056
137,16/01/2025,Google,1248
138,17/01/2025,LinkedIn,4029
139,18/01/2025,LinkedIn,3131
140,19/01/2025,Google,5051
141,20/01/2025,Facebook,1839
142,21/01/2025,Google,5441
143,22/01/2025,LinkedIn,3121
144,23/01/2025,LinkedIn,4773
145,24/01/2025,Facebook,1409
146,25/01/2025,YouTube,2456
147,26/01/2025,LinkedIn,775
148,27/01/2025,LinkedIn,2589
149,28/01/2025,LinkedIn,5438
150,29/01/2025,LinkedIn,2477
151,30/01/2025,LinkedIn,4658
152,31/01/2025,Facebook,986
153,01/02/2025,LinkedIn,3928
154,02/02/2025,Facebook,4290
155,03/02/2025,Google,1498
156,04/02/2025,LinkedIn,3596
157,05/02/2025,LinkedIn,1124
158,06/02/2025,LinkedIn,4306
159,07/02/2025,LinkedIn,2510
160,08/02/2025,Google,3798
161,09/02/2025,Facebook,3258
162,10/02/2025,LinkedIn,4365
163,11/02/2025,LinkedIn,3233
164,12/02/2025,LinkedIn,3240
165,13/02/2025,Google,3644
166,14/02/2025,Google,2722
167,15/02/2025,LinkedIn,722
168,16/02/2025,LinkedIn,2574
169,17/02/2025,LinkedIn,2418
170,18/02/2025,LinkedIn,3592
171,19/02/2025,Facebook,3556
172,20/02/2025,LinkedIn,2790
173,21/02/2025,Google,4341
174,22/02/2025,LinkedIn,5179
175,23/02/2025,Google,5411
176,24/02/2025,Facebook,5386
177,25/02/2025,LinkedIn,2539
178,26/02/2025,Google,4508
179,27/02/2025,LinkedIn,1370
180,28/02/2025,LinkedIn,953
181,01/03/2025,LinkedIn,3576
182,02/03/2025,Google,1021
183,03/03/2025,LinkedIn,4845
184,04/03/2025,Google,1709
185,05/03/2025,LinkedIn,4621
186,06/03/2025,LinkedIn,3083
187,07/03/2025,Google,3538
188,08/03/2025,LinkedIn,664
189,09/03/2025,LinkedIn,3204
190,10/03/2025,LinkedIn,2484
191,11/03/2025,YouTube,2807
192,12/03/2025,Google,3797
193,13/03/2025,LinkedIn,2136
194,14/03/2025,LinkedIn,672
195,15/03/2025,LinkedIn,4557
196,16/03/2025,YouTube,1128
197,17/03/2025,Google,5166
198,18/03/2025,Google,1461
199,19/03/2025,LinkedIn,2355
200,20/03/2025,LinkedIn,3511
201,21/03/2025,Google,2012
202,22/03/2025,LinkedIn,3174
203,23/03/2025,Facebook,1381
204,24/03/2025,LinkedIn,1619
205,25/03/2025,LinkedIn,2326
206,26/03/2025,YouTube,5076
207,27/03/2025,Google,4416
208,28/03/2025,LinkedIn,3255
209,29/03/2025,Facebook,3264
210,30/03/2025,LinkedIn,3184
211,31/03/2025,YouTube,3481
212,01/04/2025,LinkedIn,936
213,02/04/2025,LinkedIn,5344
214,03/04/2025,LinkedIn,2114
215,04/04/2025,Facebook,4342
216,05/04/2025,LinkedIn,4099
217,06/04/2025,LinkedIn,1290
218,07/04/2025,LinkedIn,1336
219,08/04/2025,LinkedIn,5476
220,09/04/2025,Google,899
221,10/04/2025,Facebook,3851
222,11/04/2025,YouTube,2695
223,12/04/2025,LinkedIn,5040
224,13/04/2025,LinkedIn,1342
225,14/04/2025,YouTube,4818
226,15/04/2025,YouTube,4104
227,16/04/2025,Facebook,2080
228,17/04/2025,LinkedIn,3534
229,18/04/2025,YouTube,2460
230,19/04/2025,LinkedIn,4617
231,20/04/2025,YouTube,1381
232,21/04/2025,LinkedIn,3529
233,22/04/2025,LinkedIn,5159
234,23/04/2025,LinkedIn,2295
235,24/04/2025,LinkedIn,1458
236,25/04/2025,Google,612
237,26/04/2025,Google,3967
238,27/04/2025,LinkedIn,2147
239,28/04/2025,Google,2521
240,29/04/2025,Facebook,3460
241,30/04/2025,LinkedIn,1776
242,01/05/2025,LinkedIn,927
243,02/05/2025,Facebook,5270
244,03/05/2025,LinkedIn,1054
245,02/01/2025,Google,3270
246,03/01/2025,LinkedIn,2861
247,04/01/2025,YouTube,5352
248,05/01/2025,Google,3595
249,06/01/2025,Google,5218
250,07/01/2025,LinkedIn,1963
251,08/01/2025,Google,2747
252,09/01/2025,Facebook,5346
253,10/01/2025,LinkedIn,1185
254,11/01/2025,Facebook,1568
255,12/01/2025,Facebook,4133
256,13/01/2025,Facebook,5157
257,14/01/2025,LinkedIn,4804
258,15/01/2025,LinkedIn,3367
259,16/01/2025,LinkedIn,2747
260,17/01/2025,Facebook,2257
261,18/01/2025,LinkedIn,947
262,19/01/2025,Google,5055
263,20/01/2025,LinkedIn,1159
264,21/01/2025,YouTube,4015
265,22/01/2025,YouTube,5051
266,23/01/2025,LinkedIn,2102
267,24/01/2025,LinkedIn,841
268,25/01/2025,YouTube,938
269,26/01/2025,LinkedIn,5283
270,27/01/2025,Facebook,1447
271,28/01/2025,LinkedIn,1883
272,29/01/2025,Google,4192
273,30/01/2025,LinkedIn,2421
274,31/01/2025,LinkedIn,3344
275,01/02/2025,LinkedIn,4374
276,02/02/2025,Google,3275
277,03/02/2025,LinkedIn,4172
278,04/02/2025,Google,2684
279,05/02/2025,LinkedIn,3452
280,06/02/2025,Google,5062
281,07/02/2025,LinkedIn,3979
282,08/02/2025,Google,5006
283,09/02/2025,LinkedIn,4789
284,10/02/2025,Facebook,1350
285,11/02/2025,Google,1625
286,12/02/2025,Facebook,1244
287,13/02/2025,LinkedIn,2770
288,14/02/2025,Google,570
289,15/02/2025,Facebook,4814
290,16/02/2025,LinkedIn,1990
291,17/02/2025,Facebook,1524
292,18/02/2025,Facebook,563
293,19/02/2025,LinkedIn,4258
294,20/02/2025,LinkedIn,1599
295,21/02/2025,LinkedIn,3414
296,22/02/2025,Google,1789
297,23/02/2025,Google,3077
298,24/02/2025,LinkedIn,1142
299,25/02/2025,LinkedIn,2106
300,26/02/2025,Google,4409
301,27/02/2025,LinkedIn,1002
302,28/02/2025,LinkedIn,3767
303,01/03/2025,LinkedIn,769
304,02/03/2025,LinkedIn,4439
305,03/03/2025,Facebook,5369
306,04/03/2025,LinkedIn,3126
307,05/03/2025,Google,2827
308,06/03/2025,LinkedIn,2471
309,07/03/2025,Google,2717
310,08/03/2025,LinkedIn,4550
311,09/03/2025,Google,5128
312,10/03/2025,LinkedIn,1792
313,11/03/2025,LinkedIn,4620
314,12/03/2025,Facebook,4948
315,13/03/2025,Google,2127
316,14/03/2025,YouTube,1167
317,15/03/2025,LinkedIn,523
318,16/03/2025,LinkedIn,3865
319,17/03/2025,Facebook,3910
320,18/03/2025,LinkedIn,850
321,19/03/2025,LinkedIn,3749
322,20/03/2025,LinkedIn,2634
323,21/03/2025,Facebook,2662
324,22/03/2025,Google,3014
325,23/03/2025,Facebook,4103
326,24/03/2025,Google,3953
327,25/03/2025,YouTube,5186
328,26/03/2025,LinkedIn,1033
329,27/03/2025,Facebook,955
330,28/03/2025,Google,1344
331,29/03/2025,YouTube,4729
332,30/03/2025,LinkedIn,1275
333,31/03/2025,Facebook,898
334,01/04/2025,Google,2252
335,02/04/2025,YouTube,4571
336,03/04/2025,LinkedIn,5424
337,04/04/2025,LinkedIn,4833
338,05/04/2025,LinkedIn,2443
339,06/04/2025,Google,3958
340,07/04/2025,YouTube,2779
341,08/04/2025,Google,3990
342,09/04/2025,LinkedIn,2705
343,10/04/2025,LinkedIn,1090
344,11/04/2025,LinkedIn,4535
345,12/04/2025,LinkedIn,2968
346,13/04/2025,LinkedIn,695
347,14/04/2025,Google,5130
348,15/04/2025,LinkedIn,5393
349,16/04/2025,LinkedIn,854
350,17/04/2025,LinkedIn,3237
351,18/04/2025,YouTube,5298
352,19/04/2025,LinkedIn,3976
353,20/04/2025,LinkedIn,1097
354,21/04/2025,LinkedIn,4140
355,22/04/2025,LinkedIn,3709
356,23/04/2025,LinkedIn,1187
357,24/04/2025,LinkedIn,5499
358,25/04/2025,LinkedIn,2938
359,26/04/2025,YouTube,2998
360,27/04/2025,YouTube,2047
361,28/04/2025,Facebook,1391
362,29/04/2025,Facebook,3296
363,30/04/2025,LinkedIn,2484
364,01/05/2025,Facebook,948
365,02/05/2025,YouTube,3244
366,03/05/2025,LinkedIn,3324
367,04/05/2025,LinkedIn,1673
368,05/05/2025,LinkedIn,4715
369,06/05/2025,Google,1024
370,07/05/2025,Google,4755
371,08/05/2025,Facebook,1890
372,09/05/2025,Facebook,3636
373,10/05/2025,Facebook,1947
374,11/05/2025,Facebook,2178
375,12/05/2025,LinkedIn,3586
376,13/05/2025,LinkedIn,4609
377,14/05/2025,LinkedIn,3581
378,15/05/2025,Facebook,2756
379,16/05/2025,Facebook,3592
380,17/05/2025,LinkedIn,4548
381,18/05/2025,Google,2412
382,19/05/2025,Facebook,2647
383,20/05/2025,Facebook,4974
384,21/05/2025,LinkedIn,1954
385,22/05/2025,LinkedIn,2818
386,23/05/2025,LinkedIn,672
387,24/05/2025,LinkedIn,1817
388,25/05/2025,YouTube,4565
389,26/05/2025,LinkedIn,2266
390,27/05/2025,Facebook,2912
391,28/05/2025,LinkedIn,2835
392,29/05/2025,Google,3493
393,30/05/2025,LinkedIn,5337
394,31/05/2025,LinkedIn,1910
395,01/06/2025,LinkedIn,3028
396,02/06/2025,Google,3865
397,03/06/2025,LinkedIn,2341
398,04/06/2025,LinkedIn,4956
399,05/06/2025,Google,5141
400,06/06/2025,LinkedIn,756
401,07/06/2025,YouTube,548
402,08/06/2025,LinkedIn,3193
403,09/06/2025,LinkedIn,1591
404,10/06/2025,Facebook,2421
405,11/06/2025,Google,2257
406,12/06/2025,YouTube,602
407,13/06/2025,LinkedIn,2347
408,14/06/2025,LinkedIn,2538
409,15/06/2025,LinkedIn,4180
410,16/06/2025,LinkedIn,4600
411,17/06/2025,LinkedIn,1491
412,18/06/2025,Google,3238
413,19/06/2025,LinkedIn,3661
414,20/06/2025,LinkedIn,4491
415,21/06/2025,LinkedIn,3230
416,22/06/2025,Google,3650
417,23/06/2025,YouTube,5026
418,24/06/2025,LinkedIn,1757
419,25/06/2025,YouTube,3659
420,26/06/2025,Facebook,5247
421,27/06/2025,Facebook,4422
422,28/06/2025,Facebook,1474
423,29/06/2025,LinkedIn,1561
424,30/06/2025,Facebook,1041
425,01/07/2025,YouTube,4210
426,02/07/2025,Facebook,1360
427,03/07/2025,LinkedIn,3714
428,04/07/2025,YouTube,3971
429,05/07/2025,LinkedIn,2142
430,06/07/2025,Facebook,5434
431,07/07/2025,LinkedIn,4283
432,08/07/2025,LinkedIn,3424
433,09/07/2025,LinkedIn,3067
434,10/07/2025,LinkedIn,3794
435,11/07/2025,LinkedIn,3167
436,12/07/2025,LinkedIn,2369
437,13/07/2025,LinkedIn,2571
438,14/07/2025,YouTube,1272
439,15/07/2025,Google,1649
440,16/07/2025,Google,4761
441,17/07/2025,Google,3690
442,18/07/2025,Google,2644
443,19/07/2025,YouTube,612
444,20/07/2025,LinkedIn,5494
445,21/07/2025,LinkedIn,3360
446,22/07/2025,LinkedIn,3170
447,23/07/2025,Facebook,4013
448,24/07/2025,LinkedIn,2261
449,25/07/2025,LinkedIn,740
450,26/07/2025,YouTube,2132
451,27/07/2025,Google,4117
452,28/07/2025,LinkedIn,4074
453,29/07/2025,Facebook,776
454,30/07/2025,LinkedIn,3700
455,31/07/2025,LinkedIn,2073
456,01/08/2025,LinkedIn,5352
457,02/08/2025,LinkedIn,4411
458,03/08/2025,Facebook,3043
459,04/08/2025,Facebook,3330
460,05/08/2025,LinkedIn,605
461,06/08/2025,LinkedIn,630
462,07/08/2025,LinkedIn,1806
463,08/08/2025,Google,1385
464,09/08/2025,Google,4292
465,10/08/2025,LinkedIn,4807
466,11/08/2025,LinkedIn,4248
467,12/08/2025,Facebook,4504
468,13/08/2025,Google,3716
469,14/08/2025,LinkedIn,2070
470,15/08/2025,LinkedIn,2387
471,16/08/2025,LinkedIn,4737
472,17/08/2025,LinkedIn,505
473,18/08/2025,LinkedIn,3860
474,19/08/2025,Google,4573
475,20/08/2025,Facebook,4265
476,21/08/2025,LinkedIn,2394
477,22/08/2025,Google,1467
478,23/08/2025,LinkedIn,1824
479,24/08/2025,LinkedIn,919
480,25/08/2025,Facebook,2113
481,26/08/2025,Facebook,1520
482,27/08/2025,Facebook,4413
483,28/08/2025,Facebook,3215
484,29/08/2025,LinkedIn,3837
485,30/08/2025,Facebook,2159
486,31/08/2025,Google,4094
487,01/09/2025,YouTube,3314
488,02/09/2025,LinkedIn,2730
489,03/09/2025,LinkedIn,3635
490,04/09/2025,Facebook,3433
491,05/09/2025,Google,4760
492,06/09/2025,Google,1428
493,07/09/2025,LinkedIn,2732
494,08/09/2025,Google,1572
495,09/09/2025,LinkedIn,2496
496,10/09/2025,LinkedIn,2890
497,11/09/2025,LinkedIn,5219
498,12/09/2025,LinkedIn,1973
499,13/09/2025,Facebook,1920
500,14/09/2025,Google,3647
501,15/09/2025,LinkedIn,4381
502,16/09/2025,Facebook,1703
503,17/09/2025,Google,3038
504,18/09/2025,Google,5427
505,19/09/2025,LinkedIn,861
506,20/09/2025,LinkedIn,2796
507,21/09/2025,Facebook,591
508,22/09/2025,LinkedIn,4886
509,23/09/2025,LinkedIn,1915
510,24/09/2025,LinkedIn,3015
511,25/09/2025,LinkedIn,3429
512,26/09/2025,LinkedIn,3851
513,27/09/2025,LinkedIn,1150
514,28/09/2025,LinkedIn,2768
515,29/09/2025,Facebook,1023
516,30/09/2025,LinkedIn,2745
517,01/10/2025,Facebook,2607
518,02/10/2025,Facebook,2156
519,03/10/2025,LinkedIn,1443
520,04/10/2025,Facebook,3375
521,05/10/2025,LinkedIn,1085
522,06/10/2025,LinkedIn,1334
523,07/10/2025,Google,4797
524,08/10/2025,LinkedIn,3701
525,09/10/2025,Google,4758
526,10/10/2025,LinkedIn,2763
527,11/10/2025,Facebook,2755
528,12/10/2025,YouTube,4386
529,13/10/2025,Google,4202
530,14/10/2025,LinkedIn,3737
531,15/10/2025,Google,4447
532,16/10/2025,LinkedIn,2672
533,17/10/2025,LinkedIn,2472
534,18/10/2025,LinkedIn,1569
535,19/10/2025,Facebook,2293
536,20/10/2025,LinkedIn,2773
537,21/10/2025,LinkedIn,1519
538,22/10/2025,YouTube,1299
539,23/10/2025,LinkedIn,4766
540,24/10/2025,LinkedIn,5428
541,25/10/2025,LinkedIn,1506
542,26/10/2025,Facebook,2235
543,27/10/2025,Facebook,1827
544,28/10/2025,Google,991
545,29/10/2025,LinkedIn,4591
546,30/10/2025,LinkedIn,659
547,31/10/2025,LinkedIn,4502
548,01/11/2025,LinkedIn,4526
549,02/11/2025,LinkedIn,1292
550,03/11/2025,LinkedIn,630
551,04/11/2025,Facebook,2942
552,05/11/2025,LinkedIn,4963
553,06/11/2025,LinkedIn,563
554,07/11/2025,Facebook,4043
555,08/11/2025,YouTube,1630
556,09/11/2025,LinkedIn,626
557,10/11/2025,LinkedIn,1328
558,11/11/2025,Facebook,1788
559,12/11/2025,YouTube,960
560,13/11/2025,LinkedIn,4350
561,14/11/2025,Google,4242
562,15/11/2025,Google,3683
563,16/11/2025,LinkedIn,1371
564,17/11/2025,Google,4273
565,18/11/2025,LinkedIn,3953
566,19/11/2025,Google,1243
567,20/11/2025,Google,1768
568,21/11/2025,LinkedIn,4548
569,22/11/2025,Facebook,4160
570,23/11/2025,Google,867
571,24/11/2025,YouTube,528
572,25/11/2025,LinkedIn,565
573,26/11/2025,LinkedIn,529
574,27/11/2025,Facebook,3271
575,28/11/2025,Facebook,3893
576,29/11/2025,LinkedIn,4510
577,30/11/2025,LinkedIn,4156
578,01/12/2025,LinkedIn,5326
579,02/12/2025,LinkedIn,2494
580,03/12/2025,Google,3936
581,04/12/2025,Google,1910
582,05/12/2025,LinkedIn,1869
583,06/12/2025,Google,3955
584,07/12/2025,YouTube,4582
585,08/12/2025,Google,3418
586,09/12/2025,Google,5105
587,10/12/2025,LinkedIn,4976
588,11/12/2025,LinkedIn,4684
589,12/12/2025,LinkedIn,4181
590,13/12/2025,Facebook,4297
591,14/12/2025,Facebook,4117
592,15/12/2025,Google,1371
593,16/12/2025,LinkedIn,4025
594,17/12/2025,Google,2883
595,18/12/2025,Facebook,1298
596,19/12/2025,LinkedIn,4008
597,20/12/2025,Google,4750
598,21/12/2025,LinkedIn,5057
599,22/12/2025,LinkedIn,4001
600,23/12/2025,Facebook,5063
601,24/12/2025,Google,2143
602,25/12/2025,LinkedIn,2709
603,26/12/2025,LinkedIn,4614
604,27/12/2025,LinkedIn,913
605,28/12/2025,Google,1725
606,29/12/2025,LinkedIn,5310
607,30/12/2025,LinkedIn,4664
608,31/12/2025,LinkedIn,1868
609,01/01/2026,LinkedIn,2474
610,01/01/2025,Facebook,5066
611,02/01/2025,Google,5137
612,03/01/2025,Google,4144
613,04/01/2025,Google,633
614,05/01/2025,LinkedIn,2053
615,06/01/2025,LinkedIn,3759
616,07/01/2025,LinkedIn,2321
617,08/01/2025,Google,4676
618,09/01/2025,LinkedIn,5353
619,10/01/2025,Google,3320
620,11/01/2025,Google,1233
621,12/01/2025,LinkedIn,4628
622,13/01/2025,Facebook,597
623,14/01/2025,Google,5015
624,15/01/2025,LinkedIn,3512
625,16/01/2025,LinkedIn,1930
626,17/01/2025,YouTube,2294
627,18/01/2025,LinkedIn,3187
628,19/01/2025,Google,2918
629,20/01/2025,LinkedIn,2120
630,21/01/2025,Google,3461
631,22/01/2025,LinkedIn,2907
632,23/01/2025,YouTube,820
633,24/01/2025,Google,874
634,25/01/2025,Google,1386
635,26/01/2025,LinkedIn,1636
636,27/01/2025,Facebook,521
637,28/01/2025,LinkedIn,1607
638,29/01/2025,Facebook,1876
639,30/01/2025,LinkedIn,998
640,31/01/2025,Facebook,1635
641,01/02/2025,LinkedIn,2860
642,02/02/2025,LinkedIn,1715
643,03/02/2025,Facebook,2521
644,04/02/2025,Facebook,4490
645,05/02/2025,Google,1715
646,06/02/2025,Google,1214
647,07/02/2025,Facebook,1541
648,08/02/2025,LinkedIn,3517
649,09/02/2025,LinkedIn,1573
650,10/02/2025,LinkedIn,2971
651,11/02/2025,LinkedIn,1244
652,12/02/2025,Facebook,1408
653,13/02/2025,LinkedIn,3214
654,14/02/2025,LinkedIn,2127
655,15/02/2025,Google,2394
656,16/02/2025,Google,1519
657,17/02/2025,Google,3995
658,18/02/2025,LinkedIn,588
659,19/02/2025,LinkedIn,4168
660,20/02/2025,Facebook,1108
661,21/02/2025,LinkedIn,1705
662,22/02/2025,LinkedIn,1120
663,23/02/2025,LinkedIn,3959
664,24/02/2025,Facebook,4399
665,25/02/2025,Google,5417
666,26/02/2025,YouTube,1513
667,27/02/2025,YouTube,3065
668,28/02/2025,YouTube,4380
669,01/03/2025,LinkedIn,1307
670,02/03/2025,YouTube,4348
671,03/03/2025,Facebook,3375
672,04/03/2025,YouTube,5050
673,05/03/2025,LinkedIn,940
674,06/03/2025,LinkedIn,1361
675,07/03/2025,LinkedIn,5409
676,08/03/2025,YouTube,2361
677,09/03/2025,Facebook,4055
678,10/03/2025,LinkedIn,1925
679,11/03/2025,LinkedIn,811
680,12/03/2025,LinkedIn,4639
681,13/03/2025,Facebook,4283
682,14/03/2025,LinkedIn,4420
683,15/03/2025,Google,4402
684,16/03/2025,Google,522
685,17/03/2025,Google,549
686,18/03/2025,LinkedIn,4881
687,19/03/2025,YouTube,4114
688,20/03/2025,LinkedIn,687
689,21/03/2025,Google,5036
690,22/03/2025,YouTube,1582
691,23/03/2025,LinkedIn,3676
692,24/03/2025,Google,5462
693,25/03/2025,LinkedIn,2033
694,26/03/2025,LinkedIn,858
695,27/03/2025,YouTube,931
696,28/03/2025,LinkedIn,4792
697,29/03/2025,LinkedIn,1915
698,30/03/2025,Google,2434
699,31/03/2025,LinkedIn,799
700,01/04/2025,LinkedIn,4057
701,02/04/2025,Google,2052
702,03/04/2025,Facebook,5293
703,04/04/2025,Facebook,5086
704,05/04/2025,LinkedIn,892
705,06/04/2025,LinkedIn,5283
706,07/04/2025,LinkedIn,5178
707,08/04/2025,LinkedIn,2373
708,09/04/2025,LinkedIn,837
709,10/04/2025,Facebook,3522
710,11/04/2025,Google,1434
711,12/04/2025,Google,3245
712,13/04/2025,Facebook,2716
713,14/04/2025,Google,5040
714,15/04/2025,YouTube,3567
715,16/04/2025,YouTube,3564
716,17/04/2025,LinkedIn,3540
717,18/04/2025,LinkedIn,3987
718,19/04/2025,Google,2062
719,20/04/2025,LinkedIn,5105
720,21/04/2025,LinkedIn,1942
721,22/04/2025,LinkedIn,2371
722,23/04/2025,Facebook,3452
723,24/04/2025,Facebook,4120
724,25/04/2025,Google,3235
725,26/04/2025,LinkedIn,2132
726,27/04/2025,LinkedIn,1049
727,28/04/2025,Facebook,1366
728,29/04/2025,Google,4032
729,30/04/2025,LinkedIn,1413
730,01/05/2025,LinkedIn,1441
731,02/05/2025,LinkedIn,1497
732,03/05/2025,Google,3680
733,04/05/2025,LinkedIn,851
734,05/05/2025,LinkedIn,4917
735,06/05/2025,Facebook,1782
736,07/05/2025,LinkedIn,898
737,08/05/2025,Google,3613
738,09/05/2025,LinkedIn,3241
739,10/05/2025,LinkedIn,4581
740,11/05/2025,LinkedIn,565
741,12/05/2025,LinkedIn,4051
742,13/05/2025,LinkedIn,1447
743,14/05/2025,Facebook,2238
744,15/05/2025,LinkedIn,4988
745,16/05/2025,LinkedIn,1849
746,17/05/2025,LinkedIn,2907
747,18/05/2025,Facebook,512
748,19/05/2025,Google,1252
749,20/05/2025,YouTube,824
750,21/05/2025,LinkedIn,3207
751,22/05/2025,LinkedIn,2508
752,23/05/2025,LinkedIn,3621
753,24/05/2025,Facebook,4467
754,25/05/2025,LinkedIn,2264
755,26/05/2025,Google,4579
756,27/05/2025,LinkedIn,5389
757,28/05/2025,YouTube,4361
758,29/05/2025,LinkedIn,4825
759,30/05/2025,LinkedIn,3579
760,31/05/2025,Google,3147
761,01/06/2025,Google,2167
762,02/06/2025,LinkedIn,3147
763,03/06/2025,LinkedIn,4020
764,04/06/2025,YouTube,3794
765,05/06/2025,LinkedIn,3732
766,06/06/2025,LinkedIn,4283
767,07/06/2025,YouTube,3365
768,08/06/2025,YouTube,3936
769,09/06/2025,LinkedIn,5355
770,10/06/2025,Google,2162
771,11/06/2025,Facebook,1912
772,12/06/2025,LinkedIn,2796
773,13/06/2025,LinkedIn,1544
774,14/06/2025,LinkedIn,3221
775,15/06/2025,LinkedIn,789
776,16/06/2025,Google,4166
777,17/06/2025,LinkedIn,1797
778,18/06/2025,Google,669
779,19/06/2025,Google,4000
780,20/06/2025,LinkedIn,4078
781,21/06/2025,LinkedIn,2708
782,22/06/2025,Google,3400
783,23/06/2025,LinkedIn,799
784,24/06/2025,LinkedIn,821
785,25/06/2025,Google,3831
786,26/06/2025,LinkedIn,4265
787,27/06/2025,Google,2641
788,28/06/2025,LinkedIn,4399
789,29/06/2025,Google,1515
790,30/06/2025,LinkedIn,5074
791,01/07/2025,LinkedIn,867
792,02/07/2025,LinkedIn,3679
793,03/07/2025,Google,554
794,04/07/2025,LinkedIn,5226
795,05/07/2025,LinkedIn,803
796,06/07/2025,LinkedIn,3335
797,07/07/2025,Google,4791
798,08/07/2025,Facebook,958
799,09/07/2025,Google,4118
800,10/07/2025,Google,4296
801,11/07/2025,Google,2650
802,12/07/2025,LinkedIn,5241
803,13/07/2025,LinkedIn,3535
804,14/07/2025,Google,3535
805,15/07/2025,YouTube,1047
806,16/07/2025,LinkedIn,3482
807,17/07/2025,LinkedIn,3088
808,18/07/2025,LinkedIn,4356
809,19/07/2025,YouTube,4302
810,20/07/2025,Google,2650
811,21/07/2025,LinkedIn,3535
812,22/07/2025,LinkedIn,2854
813,23/07/2025,LinkedIn,3123
814,24/07/2025,LinkedIn,3547
815,25/07/2025,LinkedIn,551
816,26/07/2025,Facebook,3557
817,27/07/2025,Facebook,2023
818,28/07/2025,Facebook,4683
819,29/07/2025,Facebook,4555
820,30/07/2025,LinkedIn,3563
821,31/07/2025,LinkedIn,758
822,01/08/2025,LinkedIn,4019
823,02/08/2025,Google,2520
824,03/08/2025,Google,3109
825,04/08/2025,YouTube,2150
826,05/08/2025,LinkedIn,3783
827,06/08/2025,LinkedIn,3749
828,07/08/2025,LinkedIn,2868
829,08/08/2025,Google,1478
830,09/08/2025,LinkedIn,1760
831,10/08/2025,Google,3049
832,11/08/2025,Facebook,4590
833,12/08/2025,Facebook,1697
834,13/08/2025,LinkedIn,2971
835,14/08/2025,Google,531
836,15/08/2025,LinkedIn,3778
837,16/08/2025,LinkedIn,2139
838,17/08/2025,LinkedIn,3583
839,18/08/2025,YouTube,3487
840,19/08/2025,LinkedIn,3158
841,20/08/2025,YouTube,3035
842,21/08/2025,Google,3229
843,22/08/2025,Google,3127
844,23/08/2025,LinkedIn,1834
845,24/08/2025,LinkedIn,1717
846,25/08/2025,LinkedIn,3692
847,26/08/2025,Google,3091
848,27/08/2025,Facebook,1880
849,28/08/2025,Google,3609
850,29/08/2025,LinkedIn,3494
851,30/08/2025,LinkedIn,1745
852,31/08/2025,LinkedIn,4598
853,01/09/2025,LinkedIn,3380
854,02/09/2025,YouTube,4608
855,03/09/2025,Facebook,2729
856,04/09/2025,LinkedIn,1555
857,05/09/2025,Facebook,5428
858,06/09/2025,Google,4434
859,07/09/2025,LinkedIn,3511
860,08/09/2025,LinkedIn,2751
861,09/09/2025,LinkedIn,2866
862,10/09/2025,Google,1107
863,11/09/2025,Facebook,1869
864,12/09/2025,LinkedIn,1428
865,13/09/2025,LinkedIn,4137
866,14/09/2025,LinkedIn,2255
867,15/09/2025,YouTube,4957
868,16/09/2025,LinkedIn,3750
869,17/09/2025,YouTube,2247
870,18/09/2025,LinkedIn,613
871,19/09/2025,LinkedIn,3664
872,20/09/2025,LinkedIn,2725
873,21/09/2025,YouTube,2333
874,22/09/2025,Facebook,3862
875,23/09/2025,Google,2044
876,24/09/2025,Google,5484
877,25/09/2025,YouTube,1612
878,26/09/2025,LinkedIn,1729
879,27/09/2025,LinkedIn,4353
880,28/09/2025,LinkedIn,759
881,29/09/2025,LinkedIn,4627
882,30/09/2025,Google,1397
883,01/10/2025,LinkedIn,2827
884,02/10/2025,LinkedIn,4576
885,03/10/2025,Google,2825
886,04/10/2025,Facebook,3447
887,05/10/2025,Facebook,5105
888,06/10/2025,Google,1536
889,07/10/2025,YouTube,1573
890,08/10/2025,LinkedIn,2705
891,09/10/2025,LinkedIn,3434
892,10/10/2025,LinkedIn,872
893,11/10/2025,Facebook,894
894,12/10/2025,Facebook,2583
895,13/10/2025,LinkedIn,2848
896,14/10/2025,YouTube,2692
897,15/10/2025,Facebook,3093
898,16/10/2025,YouTube,1090
899,17/10/2025,Facebook,1706
900,18/10/2025,Google,1309
901,19/10/2025,Google,3625
902,20/10/2025,Google,994
903,21/10/2025,Google,3031
904,22/10/2025,LinkedIn,2105
905,23/10/2025,Google,2014
906,24/10/2025,Google,2005
907,25/10/2025,Facebook,3217
908,26/10/2025,LinkedIn,1672
909,27/10/2025,Facebook,1437
910,28/10/2025,Google,3080
911,29/10/2025,LinkedIn,1464
912,30/10/2025,YouTube,1086
913,31/10/2025,LinkedIn,4571
914,01/11/2025,Facebook,3713
915,02/11/2025,LinkedIn,2862
916,03/11/2025,YouTube,4218
917,04/11/2025,YouTube,3276
918,05/11/2025,LinkedIn,1269
919,06/11/2025,Facebook,4016
920,07/11/2025,LinkedIn,612
921,08/11/2025,LinkedIn,5370
922,09/11/2025,LinkedIn,4049
923,10/11/2025,Facebook,3532
924,11/11/2025,Google,3830
925,12/11/2025,LinkedIn,3427
926,13/11/2025,LinkedIn,1669
927,14/11/2025,LinkedIn,2251
928,15/11/2025,LinkedIn,736
929,16/11/2025,LinkedIn,988
930,17/11/2025,Google,4247
931,18/11/2025,LinkedIn,2419
932,19/11/2025,LinkedIn,2143
933,20/11/2025,LinkedIn,1864
934,21/11/2025,LinkedIn,587
935,22/11/2025,Facebook,2827
936,23/11/2025,LinkedIn,813
937,24/11/2025,LinkedIn,4246
938,25/11/2025,Google,3638
939,26/11/2025,LinkedIn,2453
940,27/11/2025,LinkedIn,2193
941,28/11/2025,LinkedIn,969
942,29/11/2025,LinkedIn,832
943,30/11/2025,Facebook,4422
944,01/12/2025,LinkedIn,3669
945,02/12/2025,LinkedIn,2062
946,03/12/2025,YouTube,3812
947,04/12/2025,YouTube,1183
948,05/12/2025,Facebook,1430
949,06/12/2025,LinkedIn,2816
950,07/12/2025,LinkedIn,5410
951,08/12/2025,LinkedIn,3222
952,09/12/2025,LinkedIn,5335
953,10/12/2025,LinkedIn,2875
954,11/12/2025,LinkedIn,843
955,12/12/2025,LinkedIn,3272
956,13/12/2025,YouTube,4280
957,14/12/2025,Facebook,3186
958,15/12/2025,LinkedIn,1674
959,16/12/2025,YouTube,3018
960,17/12/2025,LinkedIn,1993
961,18/12/2025,Facebook,4898
962,19/12/2025,LinkedIn,5125
963,20/12/2025,Google,3020
964,21/12/2025,LinkedIn,3398
965,22/12/2025,YouTube,3504
966,23/12/2025,Facebook,3194
967,24/12/2025,LinkedIn,1891
968,25/12/2025,Facebook,1968
969,26/12/2025,YouTube,2581
970,27/12/2025,LinkedIn,1185
971,28/12/2025,LinkedIn,962
972,29/12/2025,Google,1786
973,30/12/2025,Facebook,2586
974,31/12/2025,Google,2901
975,01/01/2025,LinkedIn,4311
976,02/01/2025,LinkedIn,2620
977,03/01/2025,LinkedIn,4832
978,04/01/2025,LinkedIn,4795
979,05/01/2025,Google,887
980,06/01/2025,YouTube,3490
981,07/01/2025,LinkedIn,1097
982,08/01/2025,Facebook,1866
983,09/01/2025,LinkedIn,2681
984,10/01/2025,Google,5484
985,11/01/2025,LinkedIn,4589
986,12/01/2025,LinkedIn,4954
987,13/01/2025,Google,2263
988,14/01/2025,LinkedIn,3741
989,15/01/2025,LinkedIn,4436
990,16/01/2025,Facebook,1740
991,17/01/2025,LinkedIn,4033
992,18/01/2025,LinkedIn,1564
993,19/01/2025,Google,3422
994,20/01/2025,LinkedIn,4996
995,21/01/2025,Google,4730
996,22/01/2025,LinkedIn,3418
997,23/01/2025,Google,536
998,24/01/2025,LinkedIn,1512
999,25/01/2025,LinkedIn,4789
1000,26/01/2025,Facebook,5056
1001,27/01/2025,LinkedIn,3405
1002,28/01/2025,Google,4530
1003,29/01/2025,YouTube,2334
1004,30/01/2025,LinkedIn,963
1005,31/01/2025,Google,5391
1006,01/02/2025,LinkedIn,1845
1007,02/02/2025,LinkedIn,4507
1008,03/02/2025,LinkedIn,4176
1009,04/02/2025,YouTube,4358
1010,05/02/2025,Facebook,2503
1011,06/02/2025,LinkedIn,1690
1012,07/02/2025,LinkedIn,925
1013,08/02/2025,LinkedIn,860
1014,09/02/2025,LinkedIn,4567
1015,10/02/2025,Google,4390
1016,11/02/2025,LinkedIn,4831
1017,12/02/2025,Facebook,3428
1018,13/02/2025,LinkedIn,1645
1019,14/02/2025,Facebook,2720
1020,15/02/2025,LinkedIn,4464
1021,16/02/2025,LinkedIn,3299
1022,17/02/2025,LinkedIn,5095
1023,18/02/2025,Facebook,3757
1024,19/02/2025,LinkedIn,600
1025,20/02/2025,LinkedIn,4640
1026,21/02/2025,LinkedIn,1848
1027,22/02/2025,YouTube,3980
1028,23/02/2025,Google,5211
1029,24/02/2025,Google,889
1030,25/02/2025,Facebook,4313
1031,26/02/2025,YouTube,2027
1032,27/02/2025,LinkedIn,3877
1033,28/02/2025,LinkedIn,3023
1034,01/03/2025,Facebook,3010
1035,02/03/2025,LinkedIn,522
1036,03/03/2025,LinkedIn,2972
1037,04/03/2025,LinkedIn,3493
1038,05/03/2025,Facebook,3513
1039,06/03/2025,Facebook,4933
1040,07/03/2025,LinkedIn,3452
1041,08/03/2025,Facebook,3479
1042,09/03/2025,LinkedIn,3824
1043,10/03/2025,YouTube,1199
1044,11/03/2025,LinkedIn,3398
1045,12/03/2025,Google,2549
1046,13/03/2025,Facebook,1685
1047,14/03/2025,YouTube,1878
1048,15/03/2025,Google,4844
1049,16/03/2025,LinkedIn,4391
1050,17/03/2025,LinkedIn,2794
1051,18/03/2025,LinkedIn,943
1052,19/03/2025,LinkedIn,2648
1053,20/03/2025,Google,3490
1054,21/03/2025,YouTube,2640
1055,22/03/2025,YouTube,1906
1056,23/03/2025,Facebook,1909
1057,24/03/2025,LinkedIn,1624
1058,25/03/2025,LinkedIn,2292
1059,26/03/2025,LinkedIn,3101
1060,27/03/2025,YouTube,3363
1061,28/03/2025,Google,832
1062,29/03/2025,LinkedIn,2966
1063,30/03/2025,Facebook,523
1064,31/03/2025,LinkedIn,2663
1065,01/04/2025,YouTube,5081
1066,02/04/2025,Facebook,2375
1067,03/04/2025,LinkedIn,4791
1068,04/04/2025,Facebook,1415
1069,05/04/2025,LinkedIn,2763
1070,06/04/2025,YouTube,3371
1071,07/04/2025,YouTube,853
1072,08/04/2025,LinkedIn,3484
1073,09/04/2025,LinkedIn,1962
1074,10/04/2025,LinkedIn,4160
1075,11/04/2025,Facebook,3218
1076,12/04/2025,Facebook,4637
1077,13/04/2025,YouTube,2944
1078,14/04/2025,LinkedIn,5036
1079,15/04/2025,LinkedIn,5219
1080,16/04/2025,LinkedIn,1627
1081,17/04/2025,Facebook,2600
1082,18/04/2025,Facebook,4994
1083,19/04/2025,Facebook,2942
1084,20/04/2025,LinkedIn,1349
1085,21/04/2025,Google,1662
1086,22/04/2025,Google,3130
1087,23/04/2025,LinkedIn,2771
1088,24/04/2025,LinkedIn,5283
1089,25/04/2025,LinkedIn,4827
1090,26/04/2025,Facebook,1513
1091,27/04/2025,LinkedIn,2421
1092,28/04/2025,LinkedIn,5428
1093,29/04/2025,LinkedIn,2885
1094,30/04/2025,Facebook,1384
1095,01/05/2025,Facebook,776
1096,02/05/2025,LinkedIn,1968
1097,03/05/2025,YouTube,2824
1098,04/05/2025,LinkedIn,3066
1099,05/05/2025,YouTube,3025
1100,06/05/2025,Facebook,2951
1101,07/05/2025,Facebook,1123
1102,08/05/2025,LinkedIn,5122
1103,09/05/2025,LinkedIn,5002
1104,10/05/2025,LinkedIn,4438
1105,11/05/2025,Facebook,3814
1106,12/05/2025,LinkedIn,3337
1107,13/05/2025,Google,3962
1108,14/05/2025,LinkedIn,2608
1109,15/05/2025,Google,5348
1110,16/05/2025,LinkedIn,2869
1111,17/05/2025,Facebook,2075
1112,18/05/2025,Google,3220
1113,19/05/2025,LinkedIn,3885
1114,20/05/2025,LinkedIn,2568
1115,21/05/2025,Google,4207
1116,22/05/2025,Google,5481
1117,23/05/2025,Google,2391
1118,24/05/2025,Google,3209
1119,25/05/2025,LinkedIn,4551
1120,26/05/2025,LinkedIn,1185
1121,27/05/2025,YouTube,5386
1122,28/05/2025,Facebook,1791
1123,29/05/2025,YouTube,3875
1124,30/05/2025,LinkedIn,2746
1125,31/05/2025,LinkedIn,3326
1126,01/06/2025,LinkedIn,2857
1127,02/06/2025,Google,4572
1128,03/06/2025,YouTube,3780
1129,04/06/2025,Google,4803
1130,05/06/2025,LinkedIn,2533
1131,06/06/2025,LinkedIn,3535
1132,07/06/2025,LinkedIn,2423
1133,08/06/2025,Google,5484
1134,09/06/2025,LinkedIn,3282
1135,10/06/2025,LinkedIn,3018
1136,11/06/2025,LinkedIn,1444
1137,12/06/2025,YouTube,2537
1138,13/06/2025,LinkedIn,3605
1139,14/06/2025,LinkedIn,571
1140,15/06/2025,LinkedIn,4572
1141,16/06/2025,LinkedIn,638
1142,17/06/2025,Google,3790
1143,18/06/2025,YouTube,1745
1144,19/06/2025,LinkedIn,1742
1145,20/06/2025,Facebook,778
1146,21/06/2025,LinkedIn,3874
1147,22/06/2025,LinkedIn,5081
1148,23/06/2025,LinkedIn,2434
1149,24/06/2025,LinkedIn,4770
1150,25/06/2025,LinkedIn,2861
1151,26/06/2025,LinkedIn,3118
1152,27/06/2025,Facebook,3297
1153,28/06/2025,LinkedIn,5182
1154,29/06/2025,LinkedIn,3488
1155,30/06/2025,Facebook,5483
1156,01/07/2025,YouTube,1779
1157,02/07/2025,LinkedIn,759
1158,03/07/2025,Google,3710
1159,04/07/2025,LinkedIn,4452
1160,05/07/2025,YouTube,1371
1161,06/07/2025,Facebook,1608
1162,07/07/2025,Google,1762
1163,08/07/2025,LinkedIn,3367
1164,09/07/2025,Facebook,5010
1165,10/07/2025,LinkedIn,3214
1166,11/07/2025,YouTube,3358
1167,12/07/2025,LinkedIn,3710
1168,13/07/2025,Google,3880
1169,14/07/2025,LinkedIn,4058
1170,15/07/2025,Google,1513
1171,16/07/2025,Facebook,2754
1172,17/07/2025,LinkedIn,2846
1173,18/07/2025,LinkedIn,4306
1174,19/07/2025,Facebook,1597
1175,20/07/2025,LinkedIn,4712
1176,21/07/2025,LinkedIn,5413
1177,22/07/2025,YouTube,4699
1178,23/07/2025,Google,4689
1179,24/07/2025,LinkedIn,3673
1180,25/07/2025,Google,2630
1181,26/07/2025,YouTube,4248
1182,27/07/2025,Google,2995
1183,28/07/2025,Google,3357
1184,29/07/2025,LinkedIn,3759
1185,30/07/2025,LinkedIn,5236
1186,31/07/2025,LinkedIn,5183
1187,01/08/2025,LinkedIn,3715
1188,02/08/2025,LinkedIn,1513
1189,03/08/2025,LinkedIn,3960
1190,04/08/2025,LinkedIn,2530
1191,05/08/2025,LinkedIn,4875
1192,06/08/2025,LinkedIn,5255
1193,07/08/2025,Google,4015
1194,08/08/2025,Google,935
1195,09/08/2025,LinkedIn,3380
1196,10/08/2025,LinkedIn,5159
1197,11/08/2025,LinkedIn,5417
1198,12/08/2025,LinkedIn,2522
1199,13/08/2025,LinkedIn,3875
1200,14/08/2025,Google,2634
1201,15/08/2025,Facebook,2020
1202,16/08/2025,LinkedIn,2326
1203,17/08/2025,Facebook,1714
1204,18/08/2025,Google,1823
1205,19/08/2025,Google,1963
1206,20/08/2025,LinkedIn,542
1207,21/08/2025,Google,620
1208,22/08/2025,LinkedIn,3190
1209,23/08/2025,LinkedIn,3074
1210,24/08/2025,YouTube,1818
1211,25/08/2025,LinkedIn,2274
1212,26/08/2025,YouTube,4993
1213,27/08/2025,Facebook,3815
1214,28/08/2025,Google,557
1215,29/08/2025,Google,1203
1216,30/08/2025,Google,3019
1217,31/08/2025,LinkedIn,5231
1218,01/09/2025,LinkedIn,2698
1219,02/09/2025,Facebook,757
1220,03/09/2025,LinkedIn,3601
1221,04/09/2025,YouTube,4257
1222,05/09/2025,YouTube,4724
1223,06/09/2025,YouTube,880
1224,07/09/2025,LinkedIn,3729
1225,08/09/2025,LinkedIn,3644
1226,09/09/2025,Google,1277
1227,10/09/2025,LinkedIn,649
1228,11/09/2025,LinkedIn,2485
1229,12/09/2025,LinkedIn,3651
1230,13/09/2025,Google,2041
1231,14/09/2025,LinkedIn,4662
1232,15/09/2025,YouTube,3202
1233,16/09/2025,Google,3783
1234,17/09/2025,LinkedIn,1005
1235,18/09/2025,LinkedIn,3509
1236,19/09/2025,LinkedIn,3952
1237,20/09/2025,Facebook,957
1238,21/09/2025,Facebook,4245
1239,22/09/2025,LinkedIn,1770
1240,23/09/2025,YouTube,4129
1241,24/09/2025,Google,905
1242,25/09/2025,Facebook,5168
1243,26/09/2025,Google,2830
1244,27/09/2025,LinkedIn,4952
1245,28/09/2025,LinkedIn,3254
1246,29/09/2025,Facebook,2696
1247,30/09/2025,Facebook,4850
1248,01/10/2025,LinkedIn,1225
1249,02/10/2025,LinkedIn,2344
1250,03/10/2025,LinkedIn,3252
1251,04/10/2025,Facebook,4662
1252,05/10/2025,LinkedIn,1920
1253,06/10/2025,LinkedIn,3516
1254,07/10/2025,LinkedIn,3068
1255,08/10/2025,LinkedIn,2981
1256,09/10/2025,LinkedIn,3019
1257,10/10/2025,LinkedIn,1552
1258,11/10/2025,Facebook,5219
1259,12/10/2025,Google,1300
1260,13/10/2025,Facebook,1038
1261,14/10/2025,LinkedIn,3400
1262,15/10/2025,YouTube,1692
1263,16/10/2025,LinkedIn,3093
1264,17/10/2025,LinkedIn,4900
1265,18/10/2025,Facebook,2448
1266,19/10/2025,LinkedIn,4314
1267,20/10/2025,Facebook,2837
1268,21/10/2025,LinkedIn,4188
1269,22/10/2025,LinkedIn,4789
1270,23/10/2025,Google,5100
1271,24/10/2025,LinkedIn,4070
1272,25/10/2025,LinkedIn,696
1273,26/10/2025,LinkedIn,883
1274,27/10/2025,LinkedIn,3693
1275,28/10/2025,LinkedIn,3406
1276,29/10/2025,LinkedIn,1210
1277,30/10/2025,Facebook,1625
1278,31/10/2025,LinkedIn,2478
1279,01/11/2025,Facebook,1303
1280,02/11/2025,LinkedIn,1222
1281,03/11/2025,Google,636
1282,04/11/2025,LinkedIn,4688
1283,05/11/2025,LinkedIn,3957
1284,06/11/2025,YouTube,3888
1285,07/11/2025,Google,5465
1286,08/11/2025,LinkedIn,2087
1287,09/11/2025,LinkedIn,4616
1288,10/11/2025,LinkedIn,5373
1289,11/11/2025,LinkedIn,2398
1290,12/11/2025,Facebook,2124
1291,13/11/2025,Google,1339
1292,14/11/2025,YouTube,1880
1293,15/11/2025,Google,1492
1294,16/11/2025,LinkedIn,4910
1295,17/11/2025,YouTube,524
1296,18/11/2025,Google,3257
1297,19/11/2025,LinkedIn,4995
1298,20/11/2025,LinkedIn,5259
1299,21/11/2025,Google,787
1300,22/11/2025,LinkedIn,3115
1301,23/11/2025,Facebook,1317
1302,24/11/2025,Google,5380
1303,25/11/2025,LinkedIn,4263
1304,26/11/2025,LinkedIn,5294
1305,27/11/2025,LinkedIn,5096
1306,28/11/2025,Google,971
1307,29/11/2025,Facebook,1784
1308,30/11/2025,Facebook,4311
1309,01/12/2025,Google,3054
1310,02/12/2025,LinkedIn,3991
1311,03/12/2025,Facebook,2458
1312,04/12/2025,Facebook,5115
1313,05/12/2025,LinkedIn,1035
1314,06/12/2025,LinkedIn,3148
1315,07/12/2025,LinkedIn,4838
1316,08/12/2025,Facebook,3666
1317,09/12/2025,LinkedIn,3778
1318,10/12/2025,YouTube,3990
1319,11/12/2025,LinkedIn,621
1320,12/12/2025,Facebook,4465
1321,13/12/2025,LinkedIn,2796
1322,14/12/2025,LinkedIn,1075
1323,15/12/2025,Google,2747
1324,16/12/2025,LinkedIn,1712
1325,17/12/2025,LinkedIn,4600
1326,18/12/2025,LinkedIn,4120
1327,19/12/2025,LinkedIn,5272
1328,20/12/2025,Facebook,4194
1329,21/12/2025,YouTube,2865
1330,22/12/2025,LinkedIn,3346
1331,23/12/2025,Google,1495
1332,24/12/2025,Google,2146
1333,25/12/2025,LinkedIn,3378
1334,26/12/2025,LinkedIn,3870
1335,27/12/2025,LinkedIn,1743
1336,28/12/2025,Google,5016
1337,29/12/2025,LinkedIn,4111
1338,30/12/2025,LinkedIn,5044
1339,31/12/2025,Facebook,3287
